Hostname,Reachable
192.168.9.59,Yes
192.168.95.23,Yes
192.168.95.9,Yes
192.168.100.4,Yes
192.168.9.58,Yes
192.168.9.57,Yes
192.168.100.5,Yes
192.168.9.56,Yes
192.168.95.24,Yes
192.168.95.10,Yes
192.168.95.15,Yes
192.168.9.61,Yes
192.168.95.25,Yes
192.168.95.11,Yes
192.168.9.62,Yes
192.168.95.26,Yes
192.168.95.12,Yes
192.168.95.17,Yes
192.168.100.6,Yes
192.168.9.85,Yes
192.168.9.76,Yes
192.168.95.27,Yes
192.168.95.13,Yes
192.168.100.7,Yes
192.168.9.86,Yes
192.168.9.77,Yes
192.168.9.78,Yes
192.168.41.42,Yes
192.168.200.1,Yes
192.168.200.11,Yes
192.168.201.11,Yes
192.168.201.12,Yes
192.168.201.19,Yes
192.168.200.41,Yes
192.168.201.51,Yes
192.168.200.51,Yes
192.168.200.61,Yes
192.168.201.61,Yes
192.168.200.71,Yes
192.168.201.71,Yes
192.168.200.45,Yes
192.168.201.42,Yes
192.168.200.55,Yes
192.168.201.52,Yes
192.168.200.65,Yes
192.168.201.62,Yes
192.168.200.75,Yes
192.168.201.72,Yes
192.168.95.1,Yes
192.168.95.21,Yes
192.168.95.22,Yes
192.168.95.6,Yes
192.168.95.8,Yes
192.168.100.2,No
192.168.100.11,Yes
192.168.100.12,Yes
192.168.100.15,Yes
192.168.100.13,Yes
192.168.100.14,Yes
192.168.100.21,Yes
192.168.100.22,Yes
192.168.100.25,Yes
192.168.100.23,Yes
192.168.100.24,Yes
192.168.100.31,Yes
192.168.100.32,Yes
192.168.100.35,Yes
192.168.100.33,Yes
192.168.100.34,Yes
192.168.100.41,Yes
192.168.100.42,Yes
192.168.100.45,Yes
192.168.100.43,Yes
192.168.100.44,Yes
192.168.100.51,Yes
192.168.100.52,Yes
192.168.100.55,Yes
192.168.100.53,Yes
192.168.100.61,Yes
192.168.100.62,Yes
192.168.100.65,Yes
192.168.100.63,Yes
192.168.100.64,Yes
192.168.100.71,Yes
192.168.100.72,Yes
192.168.100.75,Yes
192.168.100.73,Yes
192.168.100.74,Yes
192.168.100.81,Yes
192.168.100.82,Yes
192.168.100.85,Yes
192.168.100.83,Yes
192.168.100.84,Yes
192.168.100.241,Yes
192.168.100.242,Yes
192.168.100.38,Yes
192.168.9.52,Yes
192.168.100.233,Yes
192.168.100.231,Yes
192.168.100.232,Yes
192.168.100.236,Yes
192.168.100.234,Yes
192.168.100.235,Yes
192.168.100.239,Yes
192.168.100.237,Yes
192.168.100.238,Yes
192.168.100.249,Yes
192.168.100.201,Yes
192.168.100.202,Yes
192.168.100.205,Yes
192.168.100.203,Yes
192.168.100.204,Yes
192.168.100.211,Yes
192.168.100.212,Yes
192.168.100.215,Yes
192.168.100.213,Yes
192.168.100.214,Yes
10.4.120.111,Yes
10.4.120.112,Yes
10.4.120.115,Yes
192.168.100.99,Yes
192.168.100.95,Yes
192.168.100.94,Yes
192.168.100.96,Yes
192.168.100.97,Yes
192.168.100.98,Yes
192.168.9.21,Yes
192.168.9.22,Yes
192.168.9.23,Yes
192.168.9.24,Yes
192.168.9.25,No
192.168.9.26,No
192.168.9.27,No
192.168.9.28,No
192.168.9.53,Yes
192.168.9.97,Yes
192.168.100.227,Yes
192.168.100.225,Yes
192.168.100.226,Yes
192.168.100.223,Yes
192.168.100.222,Yes
192.168.200.24,Yes
192.168.200.25,Yes
192.168.201.28,Yes
